id,first_name,last_name,email,gender
1,Tobie,Arnaez,tarnaez0@stumbleupon.com,Male
2,Averil,Crasford,acrasford1@twitpic.com,Male
3,Wenda,Daniell,wdaniell2@ox.ac.uk,Female
4,Humfrey,Stowe,hstowe3@squidoo.com,Male
5,Tulley,Bonney,tbonney4@usnews.com,Male
6,Bibbie,Balfre,bbalfre5@miibeian.gov.cn,Female
7,Ronnie,Codeman,rcodeman6@prweb.com,Female
8,Pryce,Gadsby,pgadsby7@123-reg.co.uk,Male
9,Mellisa,Lathleiffure,mlathleiffure8@columbia.edu,Female
10,Anette,Miche,amiche9@jalbum.net,Genderqueer
11,Huberto,de Guise,hdeguisea@mapy.cz,Male
12,Sarajane,Reimer,sreimerb@facebook.com,Non-binary
13,Frieda,Axton,faxtonc@gmpg.org,Female
14,Gilburt,Hatwell,ghatwelld@google.com.hk,Male
15,Fiorenze,Twinterman,ftwintermane@oaic.gov.au,Female
16,Marv,Flann,mflannf@stanford.edu,Male
17,Tanya,Corkish,tcorkishg@psu.edu,Female
18,Carissa,Still,cstillh@wired.com,Female
19,Puff,Cahill,pcahilli@answers.com,Male
20,Marita,Golton,mgoltonj@cdbaby.com,Female
21,Leona,Sucre,lsucrek@dailymail.co.uk,Female
22,Scott,Ganning,sganningl@princeton.edu,Male
23,Iver,Francisco,ifranciscom@time.com,Agender
24,Gates,Borrows,gborrowsn@posterous.com,Female
25,Merrill,Basham,mbashamo@oakley.com,Female
26,Neils,Kleynen,nkleynenp@jimdo.com,Male
27,Adella,Carthew,acarthewq@delicious.com,Female
28,Shalna,Dowglass,sdowglassr@csmonitor.com,Female
29,Rozina,Meegin,rmeegins@1und1.de,Female
30,Carey,Grelik,cgrelikt@businessweek.com,Female
31,Gerardo,O'Skehan,goskehanu@cnet.com,Bigender
32,Sibby,Cunnow,scunnowv@wunderground.com,Genderqueer
33,Lucky,Dyett,ldyettw@blogspot.com,Female
34,Becca,Lyston,blystonx@behance.net,Female
35,Nessie,Deveraux,ndeverauxy@nature.com,Female
36,Stephanus,Tugwell,stugwellz@t.co,Male
37,Jonathan,Milksop,jmilksop10@ustream.tv,Male
38,Fanni,Bernhardi,fbernhardi11@narod.ru,Female
39,Minny,Gobolos,mgobolos12@wikia.com,Female
40,Forbes,Fendlow,ffendlow13@51.la,Male
41,Lela,Overel,loverel14@theglobeandmail.com,Female
42,Hercules,Henworth,hhenworth15@amazon.de,Male
43,Prudence,Sink,psink16@mit.edu,Female
44,Judith,Gribben,jgribben17@about.me,Female
45,Indira,Shurmer,ishurmer18@dyndns.org,Female
46,Merralee,Werndley,mwerndley19@pbs.org,Female
47,Emmey,Lorraine,elorraine1a@acquirethisname.com,Female
48,Raphael,Bulle,rbulle1b@quantcast.com,Male
49,Johnnie,Karby,jkarby1c@mashable.com,Male
50,Carla,Glanz,cglanz1d@forbes.com,Female
51,Rolando,Lampen,rlampen1e@wix.com,Male
52,Stavros,Renachowski,srenachowski1f@bravesites.com,Male
53,Barry,Laux,blaux1g@usa.gov,Female
54,Noby,Boik,nboik1h@tinyurl.com,Male
55,Tedie,Gordon,tgordon1i@japanpost.jp,Male
56,Bobette,Le Fevre,blefevre1j@opera.com,Female
57,Therine,Balchin,tbalchin1k@irs.gov,Female
58,Evonne,Boutcher,eboutcher1l@angelfire.com,Female
59,Gawain,McDarmid,gmcdarmid1m@google.es,Genderfluid
60,Gianna,Donaway,gdonaway1n@homestead.com,Female
61,Dyana,Grunson,dgrunson1o@buzzfeed.com,Female
62,Alan,Massingham,amassingham1p@slashdot.org,Male
63,Donielle,Gerrelts,dgerrelts1q@woothemes.com,Female
64,Raphael,Trawin,rtrawin1r@csmonitor.com,Male
65,Jill,Greensted,jgreensted1s@tmall.com,Female
66,Filbert,Cowndley,fcowndley1t@ebay.co.uk,Male
67,Chrissy,Byard,cbyard1u@hp.com,Genderfluid
68,Ellery,Lampitt,elampitt1v@amazon.co.uk,Male
69,Steffane,Greir,sgreir1w@chicagotribune.com,Female
70,Beauregard,Dibdale,bdibdale1x@qq.com,Male
71,Elita,Linn,elinn1y@forbes.com,Female
72,Bord,Vanyashkin,bvanyashkin1z@vimeo.com,Male
73,Dody,Aberdalgy,daberdalgy20@meetup.com,Female
74,Magda,Davidde,mdavidde21@bigcartel.com,Female
75,Sterling,Smissen,ssmissen22@sphinn.com,Male
76,Marcelle,Dunstan,mdunstan23@studiopress.com,Female
77,Alford,Willavize,awillavize24@weebly.com,Male
78,Ozzy,Luscombe,oluscombe25@lulu.com,Male
79,Jedd,Kieff,jkieff26@gmpg.org,Male
80,Egbert,Balazot,ebalazot27@google.de,Male
81,Lindon,Praill,lpraill28@globo.com,Male
82,Wendi,O'Bradden,wobradden29@photobucket.com,Female
83,Gage,Ruzicka,gruzicka2a@squidoo.com,Male
84,Erinna,Reddings,ereddings2b@statcounter.com,Female
85,Felicia,Odney,fodney2c@wikia.com,Female
86,Romeo,Martynikhin,rmartynikhin2d@blogs.com,Male
87,Aurea,Simony,asimony2e@qq.com,Female
88,Eada,Middlewick,emiddlewick2f@oracle.com,Female
89,Saraann,Varnes,svarnes2g@discovery.com,Female
90,Sadye,Stennet,sstennet2h@pinterest.com,Female
91,Osborne,Dymidowicz,odymidowicz2i@merriam-webster.com,Male
92,Maggi,Shilstone,mshilstone2j@themeforest.net,Female
93,Humphrey,Covelle,hcovelle2k@amazonaws.com,Male
94,Dicky,Riha,driha2l@baidu.com,Male
95,Corina,Prevost,cprevost2m@delicious.com,Female
96,Ferguson,Zollner,fzollner2n@princeton.edu,Male
97,Sella,Wyard,swyard2o@msn.com,Female
98,Tonya,Zorzetti,tzorzetti2p@va.gov,Female
99,Eileen,Kleinerman,ekleinerman2q@ezinearticles.com,Female
100,Nickie,Rebillard,nrebillard2r@t.co,Female
101,Harley,Roache,hroache2s@comcast.net,Female
102,Rosie,McNally,rmcnally2t@privacy.gov.au,Female
103,Hilarius,Speedin,hspeedin2u@posterous.com,Male
104,Timmy,Burrill,tburrill2v@de.vu,Genderfluid
105,Courtney,Lemmers,clemmers2w@unesco.org,Male
106,Dar,Eyrl,deyrl2x@live.com,Genderqueer
107,Boycie,Crone,bcrone2y@example.com,Male
108,Maxy,Lamputt,mlamputt2z@google.es,Bigender
109,Clevie,Brunsden,cbrunsden30@pen.io,Male
110,Gabey,Wagnerin,gwagnerin31@redcross.org,Female
111,Reina,Cogar,rcogar32@rakuten.co.jp,Female
112,Felicia,Fearnall,ffearnall33@bloglovin.com,Female
113,Manuel,Blockey,mblockey34@youku.com,Genderfluid
114,Channa,Verry,cverry35@marketwatch.com,Female
115,Mile,Bente,mbente36@wsj.com,Male
116,Vitoria,Lording,vlording37@deviantart.com,Female
117,Alysia,Poppy,apoppy38@wisc.edu,Female
118,Domenic,Barwis,dbarwis39@fastcompany.com,Male
119,Vito,Fison,vfison3a@ifeng.com,Male
120,Colby,Pember,cpember3b@liveinternet.ru,Male
121,Sylas,Jailler,sjailler3c@engadget.com,Male
122,Artus,Wrankmore,awrankmore3d@nymag.com,Male
123,Rees,Binge,rbinge3e@cbslocal.com,Male
124,Gerrie,Kingswell,gkingswell3f@nytimes.com,Female
125,Alix,Mileham,amileham3g@hc360.com,Male
126,Livy,Hyndson,lhyndson3h@newyorker.com,Female
127,Wake,MacPharlain,wmacpharlain3i@cargocollective.com,Male
128,Biron,Trunby,btrunby3j@privacy.gov.au,Male
129,Fernandina,Heys,fheys3k@ycombinator.com,Female
130,Ertha,Hughson,ehughson3l@pinterest.com,Female
131,Ofelia,Sabban,osabban3m@nhs.uk,Female
132,Ban,Geldert,bgeldert3n@dot.gov,Male
133,Paolina,Ruane,pruane3o@foxnews.com,Female
134,Thorvald,Tilbrook,ttilbrook3p@flickr.com,Male
135,Andrew,Spofforth,aspofforth3q@va.gov,Male
136,Wang,Ayllett,wayllett3r@multiply.com,Male
137,Emmalyn,Fossitt,efossitt3s@earthlink.net,Female
138,Judd,Griffiths,jgriffiths3t@about.com,Male
139,Chelsae,McCawley,cmccawley3u@imdb.com,Female
140,Austina,Dadd,adadd3v@jalbum.net,Female
141,Miran,Ostridge,mostridge3w@163.com,Genderfluid
142,Davie,Guiton,dguiton3x@wsj.com,Male
143,Christoffer,Harrod,charrod3y@scribd.com,Male
144,Mallory,Hizir,mhizir3z@utexas.edu,Male
145,Marietta,Dorn,mdorn40@ucoz.ru,Male
146,Claudia,Pinshon,cpinshon41@jugem.jp,Female
147,Winni,Gawen,wgawen42@baidu.com,Genderqueer
148,Klarrisa,Stoop,kstoop43@blogs.com,Female
149,Ariana,Iddens,aiddens44@t-online.de,Female
150,Thoma,Curson,tcurson45@jimdo.com,Male
151,Charissa,Shillington,cshillington46@bandcamp.com,Genderqueer
152,Olenolin,Castanaga,ocastanaga47@ft.com,Male
153,Neville,Bassick,nbassick48@pbs.org,Agender
154,Gregory,Haversham,ghaversham49@ebay.co.uk,Male
155,Michelina,Andresen,mandresen4a@accuweather.com,Female
156,Claus,Falck,cfalck4b@taobao.com,Male
157,Cly,Boxen,cboxen4c@google.com.hk,Genderfluid
158,Regen,Prior,rprior4d@thetimes.co.uk,Male
159,Ricky,Thorwarth,rthorwarth4e@nasa.gov,Female
160,Nowell,McGinty,nmcginty4f@shop-pro.jp,Male
161,Lucy,Rikard,lrikard4g@51.la,Female
162,Madeline,Perett,mperett4h@howstuffworks.com,Female
163,Glynn,Muschette,gmuschette4i@sakura.ne.jp,Non-binary
164,Leighton,McRorie,lmcrorie4j@telegraph.co.uk,Male
165,Laetitia,Woodwing,lwoodwing4k@nationalgeographic.com,Female
166,Randi,Mapledoore,rmapledoore4l@senate.gov,Female
167,Ody,Cardus,ocardus4m@java.com,Male
168,Aron,MacAndie,amacandie4n@wiley.com,Male
169,Phebe,Jacquemard,pjacquemard4o@wikispaces.com,Female
170,Werner,McMurty,wmcmurty4p@imageshack.us,Male
171,Van,Paaso,vpaaso4q@e-recht24.de,Male
172,Susi,Saull,ssaull4r@facebook.com,Female
173,Timmy,Immins,timmins4s@msu.edu,Male
174,Dorree,Hickin,dhickin4t@icio.us,Polygender
175,Montague,Howlin,mhowlin4u@mail.ru,Genderfluid
176,Eulalie,Chesley,echesley4v@linkedin.com,Female
177,Nicolas,McGann,nmcgann4w@reddit.com,Male
178,Francine,Cortin,fcortin4x@hibu.com,Female
179,Jervis,Ivic,jivic4y@reverbnation.com,Male
180,Nanny,Triggs,ntriggs4z@is.gd,Female
181,Erwin,Derricoat,ederricoat50@arizona.edu,Male
182,Margot,Sooley,msooley51@upenn.edu,Female
183,Ernaline,Coulthart,ecoulthart52@people.com.cn,Female
184,Serene,Cusick,scusick53@state.tx.us,Female
185,Orran,Primett,oprimett54@ebay.com,Male
186,Erika,Katt,ekatt55@cdbaby.com,Female
187,Fin,Dunkerk,fdunkerk56@prnewswire.com,Male
188,Paolina,Copelli,pcopelli57@tumblr.com,Female
189,Ewart,Medlin,emedlin58@cornell.edu,Genderfluid
190,Martin,Allwell,mallwell59@wikipedia.org,Male
191,Kizzee,Moen,kmoen5a@dagondesign.com,Female
192,Saunder,Hardwich,shardwich5b@sphinn.com,Male
193,Starla,Walkley,swalkley5c@toplist.cz,Female
194,Rosaleen,Carl,rcarl5d@live.com,Female
195,Kienan,Vauter,kvauter5e@sciencedaily.com,Male
196,Taite,Leavold,tleavold5f@independent.co.uk,Male
197,Holt,Haizelden,hhaizelden5g@baidu.com,Male
198,Anita,Crellin,acrellin5h@e-recht24.de,Female
199,Veronike,Cuncliffe,vcuncliffe5i@amazon.co.uk,Female
200,Dunn,Leed,dleed5j@nps.gov,Male
201,Leoline,Dy,ldy5k@ezinearticles.com,Female
202,Orelia,Kilfeder,okilfeder5l@dailymotion.com,Female
203,Octavius,Colam,ocolam5m@aol.com,Male
204,Althea,Aristide,aaristide5n@list-manage.com,Female
205,Eleonora,Edmonson,eedmonson5o@homestead.com,Female
206,Grange,Strickett,gstrickett5p@sciencedaily.com,Male
207,Adolf,Ramsey,aramsey5q@reference.com,Male
208,Ada,Blinkhorn,ablinkhorn5r@samsung.com,Female
209,Kellsie,Guinan,kguinan5s@blogtalkradio.com,Female
210,Nicolai,Klas,nklas5t@scribd.com,Male
211,Albie,Dietsche,adietsche5u@linkedin.com,Male
212,Skipton,Adney,sadney5v@wisc.edu,Male
213,Gennie,Withrington,gwithrington5w@hao123.com,Female
214,Henrieta,Dubery,hdubery5x@apache.org,Female
215,Andeee,Feechan,afeechan5y@t.co,Female
216,Kermit,McKerrow,kmckerrow5z@creativecommons.org,Bigender
217,Maje,Wooddisse,mwooddisse60@pagesperso-orange.fr,Male
218,Kori,Henworth,khenworth61@blinklist.com,Agender
219,Sid,Stoak,sstoak62@craigslist.org,Male
220,Diane-marie,Koop,dkoop63@hugedomains.com,Female
221,Concettina,McPhillimey,cmcphillimey64@slideshare.net,Genderfluid
222,Myrle,Snoddon,msnoddon65@geocities.jp,Female
223,Sammie,Lamblin,slamblin66@forbes.com,Male
224,Heddie,Littlemore,hlittlemore67@last.fm,Female
225,Bronny,Danneil,bdanneil68@weibo.com,Male
226,Erie,Willoughey,ewilloughey69@oaic.gov.au,Male
227,Natal,Marjot,nmarjot6a@slate.com,Male
228,Saxon,L'oiseau,sloiseau6b@ow.ly,Male
229,Chrotoem,Spinige,cspinige6c@indiegogo.com,Male
230,Eloise,Ibbotson,eibbotson6d@microsoft.com,Female
231,Angelico,Floyd,afloyd6e@freewebs.com,Male
232,Auria,Phelan,aphelan6f@sitemeter.com,Female
233,Lothaire,Enric,lenric6g@addthis.com,Male
234,Glynn,Andrichuk,gandrichuk6h@berkeley.edu,Male
235,Butch,Bundock,bbundock6i@mapquest.com,Male
236,Melisse,Lawson,mlawson6j@51.la,Female
237,Tiffani,Rozalski,trozalski6k@tmall.com,Female
238,Liesa,Kahler,lkahler6l@storify.com,Female
239,Amelie,Grinishin,agrinishin6m@bizjournals.com,Female
240,Murdoch,Barby,mbarby6n@yolasite.com,Male
241,Jefferson,Danielian,jdanielian6o@google.com.hk,Male
242,Calv,Ryal,cryal6p@slideshare.net,Male
243,Orren,Elstub,oelstub6q@nationalgeographic.com,Genderqueer
244,Bianka,Maasz,bmaasz6r@pbs.org,Female
245,Artus,Spurden,aspurden6s@1688.com,Male
246,Mirella,Gregorio,mgregorio6t@illinois.edu,Female
247,Benny,Durgan,bdurgan6u@furl.net,Male
248,Phillida,Marzellano,pmarzellano6v@squarespace.com,Female
249,Ciro,Ruckhard,cruckhard6w@multiply.com,Male
250,Carol,Jamot,cjamot6x@pbs.org,Female
251,Kissee,Leve,kleve6y@seattletimes.com,Female
252,Nappy,Tringham,ntringham6z@youtube.com,Male
253,Cordelie,Permain,cpermain70@51.la,Female
254,Phillipp,Jaume,pjaume71@sogou.com,Male
255,Quincy,Gaines,qgaines72@multiply.com,Male
256,Rosabella,Pixton,rpixton73@cbc.ca,Genderqueer
257,Catherin,Flux,cflux74@mit.edu,Female
258,Viviana,Bierling,vbierling75@example.com,Female
259,Pru,Flavelle,pflavelle76@google.it,Female
260,Cacilia,Penrose,cpenrose77@baidu.com,Non-binary
261,Calla,Joddens,cjoddens78@opensource.org,Female
262,Willey,MacCartan,wmaccartan79@ox.ac.uk,Male
263,Urban,Rickaby,urickaby7a@imgur.com,Male
264,Jacenta,Fayer,jfayer7b@webmd.com,Female
265,Albertine,Aguirre,aaguirre7c@guardian.co.uk,Agender
266,Fayre,Tallquist,ftallquist7d@blogtalkradio.com,Female
267,Juanita,Rubinfajn,jrubinfajn7e@amazon.co.uk,Female
268,Krystal,Pim,kpim7f@google.com.au,Female
269,Blayne,Hamblin,bhamblin7g@bravesites.com,Male
270,Kaylyn,Hazeldine,khazeldine7h@icio.us,Non-binary
271,Fairlie,Ogley,fogley7i@ucoz.com,Male
272,Ashly,Nail,anail7j@privacy.gov.au,Bigender
273,Kerby,Fiveash,kfiveash7k@163.com,Male
274,Nanni,Merryfield,nmerryfield7l@boston.com,Female
275,Hi,Genn,hgenn7m@slideshare.net,Male
276,Modestine,Hyslop,mhyslop7n@cisco.com,Female
277,Rosanne,Tofanini,rtofanini7o@who.int,Bigender
278,Sonny,Denney,sdenney7p@howstuffworks.com,Male
279,Bordie,Cappineer,bcappineer7q@bizjournals.com,Male
280,Lon,Frow,lfrow7r@ebay.com,Male
281,Demetria,Pinock,dpinock7s@yale.edu,Female
282,Kelby,Russon,krusson7t@cbsnews.com,Male
283,Woodrow,Febvre,wfebvre7u@google.it,Male
284,Aldrich,Whitwham,awhitwham7v@msn.com,Male
285,Rodolphe,Gateland,rgateland7w@imageshack.us,Male
286,Tyne,Tunniclisse,ttunniclisse7x@ebay.com,Female
287,Roldan,Harrop,rharrop7y@google.ca,Non-binary
288,Eolande,Cater,ecater7z@is.gd,Female
289,Curcio,Gear,cgear80@state.tx.us,Male
290,Justinian,Murrhaupt,jmurrhaupt81@google.ca,Male
291,Harald,Braznell,hbraznell82@vk.com,Male
292,Arleta,Gallichan,agallichan83@tumblr.com,Female
293,Kelila,Kettlestringe,kkettlestringe84@cornell.edu,Female
294,Corey,Vonasek,cvonasek85@yellowbook.com,Female
295,Stevena,Goodlip,sgoodlip86@squarespace.com,Female
296,Loy,Troni,ltroni87@wired.com,Male
297,Raddie,Ansteys,ransteys88@scientificamerican.com,Male
298,Gun,Ryder,gryder89@mayoclinic.com,Male
299,Ashlin,Kobpal,akobpal8a@sciencedirect.com,Male
300,Theodore,Wyles,twyles8b@nature.com,Male
301,Ludovico,Adnet,ladnet8c@creativecommons.org,Genderqueer
302,Salim,Horry,shorry8d@surveymonkey.com,Male
303,Grace,Bagworth,gbagworth8e@earthlink.net,Male
304,Wynn,Dinis,wdinis8f@liveinternet.ru,Male
305,Kyle,Deere,kdeere8g@reference.com,Male
306,Joletta,Goburn,jgoburn8h@topsy.com,Female
307,Katusha,Kimbrey,kkimbrey8i@google.ca,Female
308,Dal,De Antoni,ddeantoni8j@state.gov,Male
309,Tiphani,Chadney,tchadney8k@issuu.com,Female
310,Arlene,Pipes,apipes8l@google.fr,Female
311,Kimble,Muehle,kmuehle8m@craigslist.org,Male
312,Mirna,Pring,mpring8n@alibaba.com,Female
313,Ethelred,Verbeke,everbeke8o@dmoz.org,Male
314,Clay,Bertelsen,cbertelsen8p@usda.gov,Male
315,Jessee,Enric,jenric8q@pcworld.com,Male
316,Milicent,Vonderdell,mvonderdell8r@posterous.com,Female
317,Barry,Porcher,bporcher8s@pagesperso-orange.fr,Female
318,Berkley,Mosten,bmosten8t@loc.gov,Male
319,Logan,Midden,lmidden8u@engadget.com,Male
320,Dick,Lane,dlane8v@bizjournals.com,Male
321,Anabal,Ricioppo,aricioppo8w@alibaba.com,Female
322,Anatollo,Briskey,abriskey8x@myspace.com,Male
323,Richie,Fabry,rfabry8y@google.cn,Male
324,Gaylene,Moult,gmoult8z@bigcartel.com,Female
325,Irwin,Willeson,iwilleson90@networksolutions.com,Male
326,Hermina,Fabler,hfabler91@cocolog-nifty.com,Female
327,Gisella,Tooher,gtooher92@howstuffworks.com,Female
328,Margy,Gahagan,mgahagan93@state.gov,Female
329,Jobie,Simoncini,jsimoncini94@reddit.com,Female
330,Clem,Sothern,csothern95@google.de,Male
331,Amby,Dews,adews96@weebly.com,Male
332,Jules,Myhill,jmyhill97@sbwire.com,Male
333,Ruth,Hughill,rhughill98@creativecommons.org,Agender
334,Robb,Bowhey,rbowhey99@economist.com,Male
335,Ambur,Ianno,aianno9a@yelp.com,Agender
336,Coraline,Petyankin,cpetyankin9b@opensource.org,Female
337,Morty,O'Kane,mokane9c@ezinearticles.com,Male
338,Damara,Wimms,dwimms9d@omniture.com,Female
339,Wilton,Hyslop,whyslop9e@globo.com,Male
340,Teddie,Tuxill,ttuxill9f@dedecms.com,Male
341,Adolpho,Alderton,aalderton9g@arstechnica.com,Male
342,Cris,Faragan,cfaragan9h@arizona.edu,Male
343,Jolee,Simpkin,jsimpkin9i@mapquest.com,Female
344,Layney,Marrian,lmarrian9j@china.com.cn,Genderfluid
345,Olimpia,Axton,oaxton9k@slate.com,Female
346,Celesta,Mathwin,cmathwin9l@ycombinator.com,Female
347,Gaven,Jillions,gjillions9m@merriam-webster.com,Male
348,Jenna,Damper,jdamper9n@livejournal.com,Female
349,Pat,Robatham,probatham9o@wired.com,Male
350,Adelina,Coniam,aconiam9p@free.fr,Female
351,Cherianne,Warfield,cwarfield9q@studiopress.com,Female
352,Carlina,Bartoleyn,cbartoleyn9r@wordpress.org,Female
353,Ellynn,Williment,ewilliment9s@naver.com,Female
354,Niki,Vasyukov,nvasyukov9t@weibo.com,Female
355,Lucienne,Whaley,lwhaley9u@whitehouse.gov,Female
356,Clemmie,Oakton,coakton9v@nyu.edu,Female
357,Wendeline,Showler,wshowler9w@dyndns.org,Female
358,Rosalia,Fewless,rfewless9x@sitemeter.com,Non-binary
359,Warner,Selcraig,wselcraig9y@craigslist.org,Male
360,Hynda,Loudian,hloudian9z@xinhuanet.com,Female
361,Gearalt,Kellitt,gkellitta0@wired.com,Male
362,Hesther,Kinchlea,hkinchleaa1@ustream.tv,Female
363,Davey,Jirka,djirkaa2@moonfruit.com,Male
364,Smitty,Geerits,sgeeritsa3@ucoz.ru,Male
365,Drew,Washtell,dwashtella4@miitbeian.gov.cn,Male
366,Manda,Ethington,methingtona5@moonfruit.com,Female
367,Braden,Kennion,bkenniona6@webmd.com,Male
368,Wainwright,MacGowan,wmacgowana7@xing.com,Bigender
369,Andra,Caulfield,acaulfielda8@amazon.co.uk,Female
370,Yehudi,Rainger,yraingera9@posterous.com,Male
371,Kerry,Lyster,klysteraa@squarespace.com,Male
372,Orella,Crole,ocroleab@narod.ru,Female
373,Etti,Rutledge,erutledgeac@nationalgeographic.com,Female
374,Emmeline,Walczak,ewalczakad@fotki.com,Female
375,Worden,Newson,wnewsonae@howstuffworks.com,Male
376,Lester,Levene,lleveneaf@sun.com,Male
377,Conn,Cockran,ccockranag@mit.edu,Male
378,Daveta,Cornes,dcornesah@linkedin.com,Female
379,Bondie,Smoughton,bsmoughtonai@friendfeed.com,Male
380,Cherie,Farthin,cfarthinaj@topsy.com,Female
381,Annnora,Osmon,aosmonak@topsy.com,Female
382,Nat,Packham,npackhamal@4shared.com,Male
383,Jose,Shevlane,jshevlaneam@sciencedaily.com,Male
384,Lonni,Shank,lshankan@w3.org,Female
385,Hendrik,Potes,hpotesao@qq.com,Male
386,Terrijo,De Vries,tdevriesap@blogspot.com,Female
387,Regan,Ungaretti,rungarettiaq@barnesandnoble.com,Female
388,Alethea,Harries,aharriesar@networksolutions.com,Female
389,Freeman,Crose,fcroseas@w3.org,Male
390,Karrah,Yuille,kyuilleat@shinystat.com,Female
391,Mahalia,Donneely,mdonneelyau@bizjournals.com,Female
392,Collete,Gaddes,cgaddesav@wp.com,Female
393,Trenna,Marcham,tmarchamaw@wired.com,Female
394,Murray,Gregan,mgreganax@eventbrite.com,Male
395,Laurella,Dicky,ldickyay@ted.com,Female
396,Zerk,Clendinning,zclendinningaz@quantcast.com,Male
397,Imelda,Mushrow,imushrowb0@cisco.com,Non-binary
398,Roderick,Reignard,rreignardb1@ox.ac.uk,Male
399,Gerta,Vannoni,gvannonib2@reuters.com,Female
400,Stacy,Sayers,ssayersb3@loc.gov,Male
401,Sile,Romera,sromerab4@angelfire.com,Female
402,Ethelbert,Baudichon,ebaudichonb5@hp.com,Genderfluid
403,Rudolfo,Cosgriff,rcosgriffb6@businessweek.com,Genderqueer
404,Billie,Dizlie,bdizlieb7@ycombinator.com,Genderqueer
405,Candice,Server,cserverb8@themeforest.net,Female
406,Courtney,Penniell,cpenniellb9@harvard.edu,Genderfluid
407,Cecelia,Mettetal,cmettetalba@multiply.com,Female
408,Nicolette,Tisun,ntisunbb@sina.com.cn,Female
409,Krystyna,Baty,kbatybc@mlb.com,Female
410,George,Commusso,gcommussobd@google.com.hk,Female
411,Moselle,Astles,mastlesbe@umich.edu,Female
412,Mic,Dollman,mdollmanbf@omniture.com,Male
413,Millie,Kestian,mkestianbg@amazonaws.com,Female
414,Damiano,Berggren,dberggrenbh@youtu.be,Male
415,Merci,McSkeagan,mmcskeaganbi@4shared.com,Female
416,Guglielmo,Dubock,gdubockbj@chicagotribune.com,Male
417,Porter,Reddan,preddanbk@themeforest.net,Male
418,Willem,Cavy,wcavybl@cpanel.net,Male
419,Annette,MacMaster,amacmasterbm@webs.com,Female
420,Cheryl,Gierhard,cgierhardbn@typepad.com,Female
421,Merill,Omond,momondbo@hibu.com,Agender
422,Manuel,Mathes,mmathesbp@wikia.com,Male
423,Gawen,Murray,gmurraybq@mail.ru,Male
424,Constantine,Tatem,ctatembr@wix.com,Female
425,Casar,Durgan,cdurganbs@ow.ly,Male
426,Sully,Maddrah,smaddrahbt@merriam-webster.com,Male
427,Palm,Godsal,pgodsalbu@cargocollective.com,Male
428,Siusan,Flahy,sflahybv@cbc.ca,Female
429,Diannne,Ohm,dohmbw@dot.gov,Female
430,Sheila-kathryn,Quennell,squennellbx@hexun.com,Female
431,Meris,Duthie,mduthieby@msn.com,Female
432,Rand,Nugent,rnugentbz@statcounter.com,Male
433,Jules,Wiskar,jwiskarc0@pagesperso-orange.fr,Male
434,Lily,Cranmere,lcranmerec1@exblog.jp,Female
435,Stu,Bamlet,sbamletc2@vimeo.com,Male
436,Vasily,Drover,vdroverc3@cnet.com,Male
437,Elston,Lidgely,elidgelyc4@about.com,Genderfluid
438,Kirsti,Stithe,kstithec5@live.com,Female
439,Anastasie,Osan,aosanc6@pen.io,Female
440,Hashim,Thatcham,hthatchamc7@hostgator.com,Male
441,Elbert,Conyers,econyersc8@opera.com,Non-binary
442,Pavlov,Saurat,psauratc9@youku.com,Male
443,Bekki,Borrott,bborrottca@baidu.com,Female
444,Olia,Urrey,ourreycb@google.com.au,Female
445,Waiter,Renols,wrenolscc@arizona.edu,Male
446,Jemima,Westby,jwestbycd@privacy.gov.au,Female
447,Anestassia,Leavey,aleaveyce@spiegel.de,Female
448,Nance,Farrier,nfarriercf@loc.gov,Female
449,Loretta,D'Ambrogi,ldambrogicg@ehow.com,Female
450,Car,Uglow,cuglowch@accuweather.com,Polygender
451,Dre,Seivertsen,dseivertsenci@ucoz.ru,Female
452,Robbi,Pigny,rpignycj@youtube.com,Female
453,Bartram,Winfindale,bwinfindaleck@shutterfly.com,Male
454,Lanae,Ollenbuttel,lollenbuttelcl@guardian.co.uk,Female
455,Hyacintha,McTerry,hmcterrycm@hexun.com,Female
456,Pandora,Lacroutz,placroutzcn@csmonitor.com,Bigender
457,Randene,Whellans,rwhellansco@gmpg.org,Female
458,Jeremias,Broxton,jbroxtoncp@bloglines.com,Male
459,Pippy,Stoffler,pstofflercq@usatoday.com,Female
460,Shermie,Alibone,salibonecr@ca.gov,Male
461,Kathlin,Putley,kputleycs@goo.gl,Female
462,Josi,de Keep,jdekeepct@globo.com,Female
463,Izak,Tureville,iturevillecu@oaic.gov.au,Male
464,Keenan,Arnoult,karnoultcv@ted.com,Male
465,Chucho,Allatt,callattcw@dyndns.org,Male
466,Rosalyn,Tinmouth,rtinmouthcx@china.com.cn,Female
467,Hobie,Ovenell,hovenellcy@ow.ly,Male
468,Hildagarde,Curuclis,hcurucliscz@webs.com,Female
469,Gay,Carlick,gcarlickd0@netscape.com,Female
470,Micki,Erridge,merridged1@sphinn.com,Female
471,Marlee,Cleugh,mcleughd2@hc360.com,Female
472,Guillermo,Lampbrecht,glampbrechtd3@mapquest.com,Male
473,Lenard,Radeliffe,lradeliffed4@fotki.com,Male
474,Bobbie,Nicklen,bnicklend5@desdev.cn,Male
475,Walt,Innwood,winnwoodd6@deliciousdays.com,Male
476,Chicky,Hefferan,chefferand7@youku.com,Male
477,Caspar,Harriss,charrissd8@cbslocal.com,Male
478,Lisle,Edon,ledond9@weather.com,Male
479,Mela,Whimp,mwhimpda@imgur.com,Agender
480,Briano,Aldrick,baldrickdb@cdc.gov,Male
481,Jaquelin,Mackieson,jmackiesondc@unc.edu,Female
482,Alden,Vanetti,avanettidd@amazonaws.com,Male
483,Zuzana,Hans,zhansde@last.fm,Female
484,Merell,Cosans,mcosansdf@google.es,Male
485,Buffy,Arpin,barpindg@quantcast.com,Female
486,Des,Lahive,dlahivedh@nyu.edu,Male
487,Rachael,Le Noury,rlenourydi@economist.com,Female
488,Gene,Jepson,gjepsondj@photobucket.com,Female
489,Corabella,Itzak,citzakdk@bravesites.com,Female
490,Denny,Ferier,dferierdl@dailymotion.com,Male
491,Darill,McGahey,dmcgaheydm@about.com,Male
492,Tildi,Demougeot,tdemougeotdn@columbia.edu,Female
493,Kirstin,Eustice,keusticedo@technorati.com,Female
494,Lay,Haggata,lhaggatadp@skype.com,Genderqueer
495,Shandra,Padden,spaddendq@dion.ne.jp,Female
496,Loren,Signorelli,lsignorellidr@yolasite.com,Female
497,Lark,Eaken,leakends@liveinternet.ru,Female
498,Eva,Martill,emartilldt@noaa.gov,Female
499,Jana,Broinlich,jbroinlichdu@people.com.cn,Female
500,Modesty,Di Dello,mdidellodv@nifty.com,Female
501,Grady,Jefferies,gjefferiesdw@lycos.com,Agender
502,Daryle,Caulliere,dcaullieredx@archive.org,Male
503,Cordy,O'Donegan,codonegandy@acquirethisname.com,Male
504,Boniface,Deelay,bdeelaydz@wsj.com,Male
505,Max,Snaith,msnaithe0@yahoo.com,Male
506,Patience,Hadlee,phadleee1@marriott.com,Female
507,Siward,Harber,sharbere2@blogger.com,Male
508,Brinna,Corkel,bcorkele3@sfgate.com,Female
509,Jerri,Ber,jbere4@usnews.com,Male
510,Batsheva,Boatwright,bboatwrighte5@liveinternet.ru,Genderqueer
511,Betti,Ramshaw,bramshawe6@dailymail.co.uk,Female
512,Abdul,Siaskowski,asiaskowskie7@vistaprint.com,Male
513,Shay,Mellonby,smellonbye8@ezinearticles.com,Male
514,Katya,Brignall,kbrignalle9@baidu.com,Female
515,Maddy,Gowdie,mgowdieea@unc.edu,Male
516,Gun,Trusler,gtruslereb@zdnet.com,Non-binary
517,Dorris,Thickpenny,dthickpennyec@mtv.com,Female
518,Tommy,Suggett,tsuggetted@discovery.com,Female
519,Sibilla,Moncreiff,smoncreiffee@spiegel.de,Female
520,Kellen,Balthasar,kbalthasaref@discovery.com,Female
521,Wenda,Bursell,wburselleg@marketwatch.com,Polygender
522,Barth,Ruttgers,bruttgerseh@cocolog-nifty.com,Male
523,Phaedra,Brugmann,pbrugmannei@paypal.com,Female
524,Candace,Mateos,cmateosej@dot.gov,Female
525,Janelle,Jossel,jjosselek@thetimes.co.uk,Female
526,Pablo,Rickasse,prickasseel@nature.com,Male
527,Christoper,Gonnard,cgonnardem@craigslist.org,Male
528,Izaak,Kirley,ikirleyen@census.gov,Male
529,Shalom,Bolzen,sbolzeneo@goodreads.com,Male
530,Jorrie,Semerad,jsemeradep@diigo.com,Bigender
531,Mose,Coode,mcoodeeq@auda.org.au,Male
532,Mariele,Moulsdale,mmoulsdaleer@paginegialle.it,Female
533,Erastus,Le Gassick,elegassickes@studiopress.com,Male
534,Salomone,Pikesley,spikesleyet@networksolutions.com,Male
535,Mandel,Dufour,mdufoureu@alexa.com,Male
536,Feliza,Muddimer,fmuddimerev@seattletimes.com,Female
537,Hogan,Leeuwerink,hleeuwerinkew@mediafire.com,Genderfluid
538,Wesley,Prophet,wprophetex@ycombinator.com,Male
539,Torrie,Linke,tlinkeey@hao123.com,Female
540,Margette,Livett,mlivettez@csmonitor.com,Female
541,Brig,Kuschek,bkuschekf0@digg.com,Male
542,Florella,Morcomb,fmorcombf1@google.ru,Female
543,Ricki,Crowcroft,rcrowcroftf2@dell.com,Female
544,Eal,Brunstan,ebrunstanf3@etsy.com,Male
545,Wyatan,Betton,wbettonf4@npr.org,Male
546,Lonnard,Diggens,ldiggensf5@globo.com,Male
547,Alyssa,Rentcome,arentcomef6@lulu.com,Female
548,Beth,Yakuntsov,byakuntsovf7@senate.gov,Female
549,Doria,Halahan,dhalahanf8@wp.com,Female
550,Bevvy,Coulthard,bcoulthardf9@jugem.jp,Female
551,Curcio,Ulyat,culyatfa@blogtalkradio.com,Male
552,Cyrus,Kob,ckobfb@sciencedaily.com,Male
553,Egbert,Rowntree,erowntreefc@springer.com,Male
554,Addison,Tamburo,atamburofd@slashdot.org,Male
555,Dagny,Moyser,dmoyserfe@loc.gov,Male
556,Antonius,Arpe,aarpeff@virginia.edu,Male
557,Max,Geffen,mgeffenfg@networksolutions.com,Male
558,Waylen,Clarage,wclaragefh@illinois.edu,Male
559,Gibbie,Tuckie,gtuckiefi@cam.ac.uk,Male
560,Mord,Grimditch,mgrimditchfj@irs.gov,Male
561,Corney,Dymond,cdymondfk@flickr.com,Male
562,Richard,Bleaden,rbleadenfl@reuters.com,Male
563,Delphine,Tunniclisse,dtunniclissefm@bbb.org,Female
564,Stinky,Sutherland,ssutherlandfn@home.pl,Male
565,Ursula,Blackesland,ublackeslandfo@wordpress.com,Female
566,Kandace,Mendes,kmendesfp@paginegialle.it,Female
567,Baxy,Jiroutek,bjiroutekfq@skyrock.com,Male
568,Bettine,Stuke,bstukefr@ezinearticles.com,Female
569,Wilmette,Chomiszewski,wchomiszewskifs@gnu.org,Female
570,Cathee,Matveichev,cmatveichevft@youku.com,Female
571,Jaquenetta,Maffione,jmaffionefu@cnbc.com,Female
572,Prescott,McKenny,pmckennyfv@mayoclinic.com,Male
573,Joshua,Paolotto,jpaolottofw@japanpost.jp,Male
574,Brucie,Penhallurick,bpenhallurickfx@digg.com,Male
575,Marthena,Kieran,mkieranfy@ocn.ne.jp,Female
576,Arlyn,Gearty,ageartyfz@deliciousdays.com,Bigender
577,Ber,Rasmus,brasmusg0@jalbum.net,Male
578,Carolan,Ceschi,cceschig1@columbia.edu,Female
579,Fidole,Collacombe,fcollacombeg2@google.it,Male
580,Danya,Gunnell,dgunnellg3@google.ru,Female
581,Jedd,Yalden,jyaldeng4@jimdo.com,Male
582,Thorin,Ellar,tellarg5@chronoengine.com,Male
583,Bayard,Sinnocke,bsinnockeg6@google.co.jp,Male
584,Rosalinde,Cuzen,rcuzeng7@yahoo.com,Female
585,Eveleen,Vodden,evoddeng8@constantcontact.com,Female
586,Kimberlyn,Bourke,kbourkeg9@engadget.com,Female
587,Reena,Bertolin,rbertolinga@sitemeter.com,Bigender
588,Kassie,Bebbington,kbebbingtongb@google.com,Female
589,Dael,Figgins,dfigginsgc@wordpress.com,Male
590,Olive,Feldstein,ofeldsteingd@google.com.hk,Female
591,Puff,Kloska,pkloskage@oaic.gov.au,Genderqueer
592,Tanya,Benito,tbenitogf@slate.com,Female
593,Anetta,Edmondson,aedmondsongg@cmu.edu,Genderfluid
594,Ella,Skeath,eskeathgh@comsenz.com,Female
595,Brad,Aberdeen,baberdeengi@networksolutions.com,Male
596,Lorant,Sibary,lsibarygj@nationalgeographic.com,Male
597,Pinchas,Berntsson,pberntssongk@amazon.com,Male
598,Seamus,Portinari,sportinarigl@ifeng.com,Male
599,Boycie,Schwandt,bschwandtgm@google.it,Male
600,Yvon,Hexum,yhexumgn@alibaba.com,Genderfluid
601,Rasla,Oblein,robleingo@deviantart.com,Female
602,Cathrine,Vurley,cvurleygp@trellian.com,Female
603,Gunter,MacKeogh,gmackeoghgq@shop-pro.jp,Male
604,Chic,Wyd,cwydgr@fda.gov,Male
605,Sheffield,Sidnell,ssidnellgs@lulu.com,Male
606,Gaynor,Lightbourn,glightbourngt@pinterest.com,Female
607,Nichole,Betho,nbethogu@cam.ac.uk,Female
608,Karlie,Tayler,ktaylergv@hostgator.com,Female
609,Wilton,Evemy,wevemygw@who.int,Male
610,Arabele,Lane,alanegx@ycombinator.com,Female
611,Meriel,Ridolfi,mridolfigy@wikipedia.org,Female
612,Dorie,Archanbault,darchanbaultgz@usda.gov,Genderfluid
613,Hilde,Alexandrescu,halexandrescuh0@spotify.com,Female
614,Blakelee,Sheering,bsheeringh1@harvard.edu,Non-binary
615,Angela,Antonacci,aantonaccih2@google.ru,Female
616,Christoper,Apple,cappleh3@sciencedirect.com,Male
617,Rice,McTear,rmctearh4@prlog.org,Male
618,Stella,Jefford,sjeffordh5@dailymail.co.uk,Female
619,Shirlee,Physick,sphysickh6@hao123.com,Female
620,Anthony,Crothers,acrothersh7@craigslist.org,Male
621,Cirillo,Rylatt,crylatth8@narod.ru,Male
622,Persis,Austen,paustenh9@redcross.org,Female
623,Alvie,Elleray,aellerayha@mediafire.com,Male
624,Edi,Blaksley,eblaksleyhb@imdb.com,Female
625,Abby,Lulham,alulhamhc@ucoz.ru,Female
626,Ashia,Viles,avileshd@live.com,Female
627,Dalia,Craney,dcraneyhe@nyu.edu,Female
628,Ezechiel,Hamments,ehammentshf@paginegialle.it,Male
629,Joli,Monckton,jmoncktonhg@bbb.org,Female
630,Thorvald,Hamlet,thamlethh@sina.com.cn,Male
631,Darnell,Cunnow,dcunnowhi@devhub.com,Male
632,Garret,Burne,gburnehj@prweb.com,Male
633,Iormina,Chiddy,ichiddyhk@loc.gov,Female
634,Elbertina,Hiskey,ehiskeyhl@howstuffworks.com,Female
635,Freddy,Burle,fburlehm@geocities.com,Female
636,Sargent,Ney,sneyhn@plala.or.jp,Male
637,Gloria,Kidston,gkidstonho@intel.com,Female
638,Blondelle,Blakeley,bblakeleyhp@arizona.edu,Female
639,Fidole,Brett,fbretthq@homestead.com,Male
640,Charlotta,Eady,ceadyhr@marriott.com,Female
641,Geraldine,Oake,goakehs@slideshare.net,Female
642,Judd,Waddie,jwaddieht@va.gov,Genderfluid
643,Adelina,Field,afieldhu@behance.net,Female
644,Myrlene,Peiser,mpeiserhv@prnewswire.com,Genderqueer
645,Lew,Reidie,lreidiehw@businessweek.com,Male
646,Etheline,Aingell,eaingellhx@360.cn,Female
647,Cherin,Heigho,cheighohy@adobe.com,Female
648,Ileana,Bartoszewicz,ibartoszewiczhz@ebay.co.uk,Female
649,Terence,Mallabon,tmallaboni0@biblegateway.com,Male
650,Efren,Pridding,epriddingi1@va.gov,Male
651,Dmitri,Semorad,dsemoradi2@oracle.com,Male
652,Maryjane,Beadnall,mbeadnalli3@cdbaby.com,Female
653,Elihu,Zamora,ezamorai4@indiegogo.com,Male
654,Gardener,Stoffler,gstoffleri5@acquirethisname.com,Male
655,Enrichetta,Valentetti,evalentettii6@tumblr.com,Female
656,Aubree,Wapplington,awapplingtoni7@yahoo.co.jp,Female
657,Shirlee,Holgan,sholgani8@weather.com,Female
658,Ermanno,Colebrook,ecolebrooki9@usa.gov,Male
659,Daphna,Spraberry,dspraberryia@dion.ne.jp,Female
660,Marietta,Lauritzen,mlauritzenib@wikipedia.org,Female
661,Archibold,Jimpson,ajimpsonic@newsvine.com,Male
662,Andrej,Moppett,amoppettid@icio.us,Non-binary
663,Nonie,Crewdson,ncrewdsonie@netvibes.com,Female
664,Rosene,Durnill,rdurnillif@drupal.org,Female
665,Herminia,Custy,hcustyig@google.pl,Agender
666,Hillery,Girardetti,hgirardettiih@europa.eu,Male
667,Candis,Peebles,cpeeblesii@smugmug.com,Female
668,Kirstyn,Calbaithe,kcalbaitheij@japanpost.jp,Female
669,Miner,Moultrie,mmoultrieik@elegantthemes.com,Male
670,Adelbert,Hartzenberg,ahartzenbergil@chron.com,Male
671,Moises,Bardell,mbardellim@timesonline.co.uk,Male
672,Galven,Gallafant,ggallafantin@blog.com,Male
673,Roley,Patria,rpatriaio@pcworld.com,Male
674,Kristoforo,Gilphillan,kgilphillanip@mlb.com,Male
675,Shae,Andren,sandreniq@ca.gov,Female
676,Ealasaid,Rozenbaum,erozenbaumir@virginia.edu,Agender
677,Parry,Slayny,pslaynyis@trellian.com,Male
678,Marie,Ramiro,mramiroit@opera.com,Female
679,Merl,Fradgley,mfradgleyiu@upenn.edu,Female
680,Antoinette,Barnwille,abarnwilleiv@dot.gov,Female
681,Charleen,Waine,cwaineiw@tiny.cc,Female
682,Obadiah,Doumerque,odoumerqueix@scientificamerican.com,Male
683,Shaun,Sollam,ssollamiy@amazon.de,Bigender
684,Desiri,Papez,dpapeziz@yolasite.com,Female
685,Vina,Weekly,vweeklyj0@homestead.com,Female
686,Adrianne,Emblow,aemblowj1@pagesperso-orange.fr,Female
687,Keely,Asquez,kasquezj2@issuu.com,Female
688,Gonzalo,Cantero,gcanteroj3@weather.com,Male
689,Sutherlan,Woltering,swolteringj4@photobucket.com,Male
690,Lewes,McNirlan,lmcnirlanj5@shutterfly.com,Male
691,Frederico,Ungaretti,fungarettij6@mozilla.org,Male
692,Immanuel,MacParland,imacparlandj7@elpais.com,Male
693,Khalil,Wanjek,kwanjekj8@un.org,Male
694,Ellissa,Fourcade,efourcadej9@angelfire.com,Female
695,Urbain,Khalid,ukhalidja@vistaprint.com,Male
696,Sal,Humbell,shumbelljb@4shared.com,Female
697,Tucky,Corss,tcorssjc@about.me,Male
698,Christoper,Copnall,ccopnalljd@google.cn,Male
699,Dexter,Austing,daustingje@bbc.co.uk,Male
700,Lily,Chaize,lchaizejf@altervista.org,Female
701,Egor,Wildin,ewildinjg@free.fr,Bigender
702,Rubie,Haydn,rhaydnjh@smh.com.au,Genderfluid
703,Danyette,Claworth,dclaworthji@hibu.com,Female
704,Ilse,Poles,ipolesjj@tiny.cc,Female
705,Lorne,Pleasaunce,lpleasauncejk@huffingtonpost.com,Male
706,Gene,MacGillreich,gmacgillreichjl@creativecommons.org,Male
707,Lindon,Dowda,ldowdajm@studiopress.com,Male
708,Cullie,Hiseman,chisemanjn@biblegateway.com,Non-binary
709,Bobbie,Fardy,bfardyjo@friendfeed.com,Female
710,Welby,Sancroft,wsancroftjp@redcross.org,Male
711,Hagan,Vasyukhin,hvasyukhinjq@stanford.edu,Male
712,Melamie,Fleckness,mflecknessjr@yandex.ru,Female
713,Cathlene,De Matteis,cdematteisjs@1688.com,Female
714,Wileen,Skarman,wskarmanjt@va.gov,Female
715,Cornelia,Markson,cmarksonju@vinaora.com,Genderqueer
716,Nady,Clelland,nclellandjv@thetimes.co.uk,Female
717,Thaine,Kernes,tkernesjw@bbb.org,Male
718,Normie,Dunkerly,ndunkerlyjx@imdb.com,Male
719,Cyril,Ferrari,cferrarijy@mozilla.org,Male
720,Quentin,Springham,qspringhamjz@ameblo.jp,Female
721,Flore,Hiers,fhiersk0@webmd.com,Female
722,Tobye,Tilburn,ttilburnk1@hud.gov,Female
723,Carly,Tolemache,ctolemachek2@istockphoto.com,Male
724,Jarrad,Yanele,jyanelek3@furl.net,Male
725,Wendell,Gladstone,wgladstonek4@biglobe.ne.jp,Male
726,Wyatan,O'Fallon,wofallonk5@gov.uk,Male
727,Kayle,Whyberd,kwhyberdk6@canalblog.com,Female
728,Alyson,Benoey,abenoeyk7@multiply.com,Female
729,Colin,Limeburner,climeburnerk8@edublogs.org,Male
730,Zandra,Varfalameev,zvarfalameevk9@clickbank.net,Female
731,Marika,Collelton,mcolleltonka@mediafire.com,Non-binary
732,Tedda,Domengue,tdomenguekb@chron.com,Female
733,Trever,Howgego,thowgegokc@weebly.com,Male
734,Roanna,O'Sheilds,rosheildskd@globo.com,Female
735,Ulrika,Morsey,umorseyke@wikispaces.com,Female
736,Florence,Fidilis,ffidiliskf@hostgator.com,Female
737,Art,Quadri,aquadrikg@globo.com,Male
738,Cookie,Daunter,cdaunterkh@mtv.com,Female
739,Ferne,Batman,fbatmanki@webnode.com,Female
740,Corbin,Itchingham,citchinghamkj@github.io,Genderfluid
741,Hersch,Deaconson,hdeaconsonkk@va.gov,Male
742,Jeana,Lukehurst,jlukehurstkl@fc2.com,Female
743,Dunn,Clavey,dclaveykm@imageshack.us,Male
744,Corabella,Postlethwaite,cpostlethwaitekn@ustream.tv,Female
745,Gregory,Mallows,gmallowsko@latimes.com,Male
746,Chancey,Hartle,chartlekp@umn.edu,Male
747,Derk,Cortez,dcortezkq@wired.com,Male
748,Lorry,Lidgertwood,llidgertwoodkr@ow.ly,Non-binary
749,Jakob,Osban,josbanks@illinois.edu,Male
750,Lia,Bonsall,lbonsallkt@huffingtonpost.com,Agender
751,Adriane,Pattle,apattleku@xinhuanet.com,Female
752,Chantalle,Streater,cstreaterkv@unesco.org,Genderfluid
753,Woody,Crowche,wcrowchekw@list-manage.com,Male
754,Letisha,Hazeltine,lhazeltinekx@google.pl,Bigender
755,Kele,Capstack,kcapstackky@google.ru,Male
756,Doria,Matieu,dmatieukz@oakley.com,Female
757,Ailee,Chrispin,achrispinl0@google.cn,Female
758,Ingaborg,Peploe,ipeploel1@drupal.org,Female
759,Guglielmo,Todhunter,gtodhunterl2@soup.io,Male
760,Derrik,Pilkington,dpilkingtonl3@utexas.edu,Male
761,Bernete,Aucourte,baucourtel4@cbsnews.com,Female
762,Hyacintha,Wybron,hwybronl5@nih.gov,Female
763,Terence,Greensides,tgreensidesl6@uol.com.br,Male
764,Chiquia,Walbridge,cwalbridgel7@upenn.edu,Female
765,Chester,Bench,cbenchl8@samsung.com,Male
766,Bo,Renzullo,brenzullol9@cbc.ca,Genderfluid
767,Annabel,Lewknor,alewknorla@amazon.co.jp,Female
768,Rriocard,Tour,rtourlb@naver.com,Male
769,Jacintha,Braben,jbrabenlc@census.gov,Female
770,Jennine,Spottiswoode,jspottiswoodeld@furl.net,Female
771,Diego,Sarl,dsarlle@time.com,Male
772,Cly,Albisser,calbisserlf@wisc.edu,Male
773,Malcolm,Batalle,mbatallelg@soup.io,Male
774,Bondie,Silverston,bsilverstonlh@purevolume.com,Male
775,Odessa,Iwanowski,oiwanowskili@harvard.edu,Female
776,Christiana,O'Donohue,codonohuelj@nba.com,Female
777,Kincaid,Cowles,kcowleslk@elegantthemes.com,Male
778,Athene,Songist,asongistll@globo.com,Female
779,Lissy,Bispham,lbisphamlm@xing.com,Female
780,Zollie,Delion,zdelionln@ask.com,Male
781,Franni,Isakovic,fisakoviclo@skyrock.com,Female
782,Tove,Craigg,tcraigglp@eventbrite.com,Female
783,Wilhelmina,Bodesson,wbodessonlq@fc2.com,Female
784,Shell,Sangwine,ssangwinelr@hostgator.com,Male
785,Saundra,Livezley,slivezleyls@trellian.com,Female
786,Herb,Roxburch,hroxburchlt@npr.org,Male
787,Clemente,Capron,ccapronlu@ning.com,Male
788,Ardis,Okker,aokkerlv@macromedia.com,Female
789,Klarika,Farlow,kfarlowlw@bravesites.com,Female
790,Giacopo,Andriesse,gandriesselx@wired.com,Male
791,Birgit,Paumier,bpaumierly@hexun.com,Female
792,Caro,Coneau,cconeaulz@amazon.co.jp,Female
793,Doug,Twist,dtwistm0@sphinn.com,Agender
794,Sid,Mapes,smapesm1@vistaprint.com,Male
795,Bunni,Herley,bherleym2@hp.com,Female
796,Mickey,Monelle,mmonellem3@apple.com,Male
797,Manny,Acock,macockm4@dailymail.co.uk,Male
798,Wendeline,Keeney,wkeeneym5@yellowbook.com,Agender
799,Bronny,Cohane,bcohanem6@nationalgeographic.com,Male
800,Claudelle,Millom,cmillomm7@shareasale.com,Bigender
801,Saba,Northwood,snorthwoodm8@addthis.com,Female
802,Kylie,Sheldon,ksheldonm9@gizmodo.com,Male
803,Calida,Bohler,cbohlerma@a8.net,Female
804,Patrice,Wittier,pwittiermb@ifeng.com,Male
805,Danita,Osipenko,dosipenkomc@phpbb.com,Female
806,Wilmer,Keary,wkearymd@tamu.edu,Male
807,Arney,Few,afewme@mac.com,Male
808,Enrico,Blenkinsopp,eblenkinsoppmf@webnode.com,Male
809,Alejandro,Gave,agavemg@patch.com,Male
810,Elbertine,Leworthy,eleworthymh@psu.edu,Female
811,Candis,Airlie,cairliemi@elpais.com,Female
812,Jere,Valens-Smith,jvalenssmithmj@nhs.uk,Female
813,Genevra,Aluard,galuardmk@biglobe.ne.jp,Female
814,Ivar,Lambersen,ilambersenml@jugem.jp,Male
815,Yale,Gland,yglandmm@cbslocal.com,Male
816,Ash,Saker,asakermn@usda.gov,Male
817,Marleen,Nardoni,mnardonimo@statcounter.com,Female
818,Issie,Soan,isoanmp@dagondesign.com,Female
819,Woodman,Hannis,whannismq@economist.com,Male
820,Marsh,Egglestone,megglestonemr@shareasale.com,Bigender
821,Glen,Spellar,gspellarms@reddit.com,Female
822,Simonne,Wasmer,swasmermt@simplemachines.org,Female
823,Rosamund,Renbold,rrenboldmu@indiatimes.com,Female
824,Bat,Kerr,bkerrmv@histats.com,Male
825,Stacy,Foxon,sfoxonmw@bigcartel.com,Male
826,Loralie,Wabersinke,lwabersinkemx@slashdot.org,Female
827,Alison,Garmanson,agarmansonmy@diigo.com,Female
828,Gwendolen,Cradick,gcradickmz@msn.com,Female
829,Winnah,Tuckley,wtuckleyn0@cbslocal.com,Female
830,Madelyn,Furber,mfurbern1@clickbank.net,Female
831,Toma,Sackur,tsackurn2@histats.com,Female
832,Paloma,Pinhorn,ppinhornn3@uol.com.br,Female
833,Yankee,Hartlebury,yhartleburyn4@cam.ac.uk,Polygender
834,Nobe,Kunkler,nkunklern5@nba.com,Male
835,Beryl,Tedstone,btedstonen6@ameblo.jp,Female
836,Cthrine,Dudgeon,cdudgeonn7@i2i.jp,Female
837,Rubia,Awmack,rawmackn8@prweb.com,Female
838,Mamie,Blofield,mblofieldn9@ibm.com,Female
839,Lilias,Breewood,lbreewoodna@exblog.jp,Female
840,Billie,Farens,bfarensnb@i2i.jp,Polygender
841,Mufinella,Skypp,mskyppnc@yolasite.com,Female
842,Faustina,Germaine,fgermainend@shop-pro.jp,Female
843,Boycie,McLleese,bmclleesene@wsj.com,Male
844,Anna,Walling,awallingnf@ning.com,Female
845,Pepe,Claw,pclawng@nature.com,Male
846,Forrest,Hembry,fhembrynh@dailymotion.com,Male
847,Glyn,McGrouther,gmcgroutherni@drupal.org,Female
848,Dael,Goolden,dgooldennj@feedburner.com,Female
849,Zaccaria,Jore,zjorenk@godaddy.com,Male
850,Eleen,Stocker,estockernl@com.com,Female
851,Corbie,Neilus,cneilusnm@examiner.com,Male
852,Bette,Pariss,bparissnn@wikia.com,Female
853,Roxane,Screeton,rscreetonno@exblog.jp,Female
854,Court,Moodey,cmoodeynp@shareasale.com,Male
855,Gian,Furminger,gfurmingernq@163.com,Male
856,Ezri,Sherwell,esherwellnr@vimeo.com,Male
857,Albie,Hinners,ahinnersns@cisco.com,Male
858,Rodd,Kingswoode,rkingswoodent@163.com,Bigender
859,Teodoro,Sitlington,tsitlingtonnu@4shared.com,Male
860,Mariellen,Asals,masalsnv@eepurl.com,Female
861,Tove,January 1st,tjanuarystnw@addthis.com,Female
862,Hewett,Staples,hstaplesnx@wisc.edu,Male
863,Cristine,McPhelimy,cmcphelimyny@apple.com,Female
864,Randa,Baistow,rbaistownz@tripod.com,Female
865,Austina,Castellaccio,acastellaccioo0@senate.gov,Female
866,Damian,Giovannini,dgiovanninio1@mapquest.com,Male
867,Karmen,Hendrik,khendriko2@oaic.gov.au,Female
868,Cristine,Skuse,cskuseo3@bbb.org,Female
869,Clint,Lavrinov,clavrinovo4@cbsnews.com,Male
870,Lanae,Liddington,lliddingtono5@cnn.com,Female
871,Charlene,Mourbey,cmourbeyo6@ted.com,Female
872,Florence,Bullimore,fbullimoreo7@mit.edu,Female
873,Diannne,Jerche,djercheo8@themeforest.net,Female
874,Hilary,Tuison,htuisono9@mapy.cz,Male
875,Clive,Vost,cvostoa@etsy.com,Male
876,Boothe,Broadis,bbroadisob@jiathis.com,Male
877,Thurstan,Sherlaw,tsherlawoc@foxnews.com,Male
878,Gerick,Kreuzer,gkreuzerod@soundcloud.com,Genderqueer
879,Jackqueline,Parlott,jparlottoe@bloomberg.com,Genderqueer
880,Chilton,Christaeas,cchristaeasof@dropbox.com,Male
881,Sax,Enderwick,senderwickog@cocolog-nifty.com,Genderqueer
882,Holly,Beneteau,hbeneteauoh@networksolutions.com,Female
883,Juditha,Albarez,jalbarezoi@statcounter.com,Non-binary
884,Lib,Blewmen,lblewmenoj@usnews.com,Female
885,Arlen,Perotti,aperottiok@google.de,Male
886,Trudey,Stanlike,tstanlikeol@i2i.jp,Female
887,Gerick,Jikylls,gjikyllsom@amazon.co.uk,Male
888,Roscoe,Reymers,rreymerson@umn.edu,Male
889,Gilly,Hazlewood,ghazlewoodoo@theguardian.com,Female
890,Conrado,Rosel,croselop@howstuffworks.com,Male
891,Serena,Pimbley,spimbleyoq@hugedomains.com,Female
892,Marquita,Monteith,mmonteithor@google.com.au,Polygender
893,Zeb,Karys,zkarysos@xinhuanet.com,Male
894,Farlay,Lermouth,flermouthot@google.nl,Male
895,Althea,Paschke,apaschkeou@google.pl,Genderqueer
896,Gena,Balasin,gbalasinov@youku.com,Female
897,Gayle,Brimman,gbrimmanow@soundcloud.com,Female
898,Isacco,Skerm,iskermox@amazon.co.jp,Male
899,Brittaney,Klimkowski,bklimkowskioy@shareasale.com,Female
900,Aigneis,Forsdicke,aforsdickeoz@indiatimes.com,Female
901,Magda,Huie,mhuiep0@techcrunch.com,Female
902,Kincaid,Valentin,kvalentinp1@ucoz.ru,Male
903,Vern,Werner,vwernerp2@google.cn,Male
904,Olag,Backsal,obacksalp3@si.edu,Male
905,Ewell,Moyer,emoyerp4@hc360.com,Male
906,Stefan,Earley,searleyp5@cmu.edu,Male
907,Randee,Sabbin,rsabbinp6@amazon.de,Female
908,Anastasie,Mursell,amursellp7@hostgator.com,Female
909,Felipe,Tiffney,ftiffneyp8@mashable.com,Polygender
910,Cletus,Sheward,cshewardp9@naver.com,Male
911,Ryon,Tissiman,rtissimanpa@ebay.com,Genderfluid
912,Carlynne,Bront,cbrontpb@fda.gov,Female
913,Corinna,Lewcock,clewcockpc@wiley.com,Female
914,Son,Faers,sfaerspd@nps.gov,Male
915,Saree,Henrys,shenryspe@princeton.edu,Female
916,Astrix,Findlow,afindlowpf@paypal.com,Female
917,Isabelle,Gerrietz,igerrietzpg@marriott.com,Female
918,Berkeley,Rowcastle,browcastleph@aol.com,Male
919,Austen,Red,aredpi@amazon.de,Male
920,Chuck,Geyton,cgeytonpj@flavors.me,Male
921,Roth,Jeal,rjealpk@berkeley.edu,Male
922,Letty,Hickin,lhickinpl@photobucket.com,Female
923,Gabi,Delaney,gdelaneypm@networksolutions.com,Female
924,Nikolos,Spragge,nspraggepn@fda.gov,Male
925,Arabella,Dorrance,adorrancepo@prweb.com,Female
926,Mindy,Patton,mpattonpp@digg.com,Genderfluid
927,Lewiss,Swidenbank,lswidenbankpq@utexas.edu,Male
928,Pippa,Deavin,pdeavinpr@ezinearticles.com,Female
929,Myrna,Keen,mkeenps@thetimes.co.uk,Female
930,Jane,Quest,jquestpt@bigcartel.com,Female
931,Orran,Jerzycowski,ojerzycowskipu@goo.gl,Male
932,Tomlin,Winckworth,twinckworthpv@a8.net,Male
933,Trudie,Billingsley,tbillingsleypw@vistaprint.com,Female
934,Tessi,Pinson,tpinsonpx@mapy.cz,Female
935,Janaye,Harlick,jharlickpy@csmonitor.com,Female
936,Brigida,O'Dooghaine,bodooghainepz@comcast.net,Female
937,Nigel,Pierson,npiersonq0@hubpages.com,Male
938,Hannis,Blanking,hblankingq1@plala.or.jp,Female
939,Ivie,Rosnau,irosnauq2@businessinsider.com,Polygender
940,Hamid,Robilliard,hrobilliardq3@usa.gov,Male
941,Octavius,Friatt,ofriattq4@networkadvertising.org,Male
942,Bradley,Tivers,btiversq5@webs.com,Male
943,Kirstyn,Cairns,kcairnsq6@theatlantic.com,Female
944,Minnie,Nabbs,mnabbsq7@ocn.ne.jp,Female
945,Elfreda,Selly,esellyq8@php.net,Genderfluid
946,Konstantin,Rodman,krodmanq9@miibeian.gov.cn,Male
947,Aurthur,Bucksey,abuckseyqa@rambler.ru,Male
948,Kippy,Rookledge,krookledgeqb@wikimedia.org,Female
949,Kenny,Balcers,kbalcersqc@ft.com,Male
950,Freemon,Letteresse,fletteresseqd@quantcast.com,Male
951,Avery,Just,ajustqe@reverbnation.com,Male
952,Clarita,Sapp,csappqf@symantec.com,Genderqueer
953,Briant,Friman,bfrimanqg@si.edu,Male
954,Constantino,Mumby,cmumbyqh@comcast.net,Male
955,Carolus,Cartmill,ccartmillqi@reuters.com,Male
956,Xerxes,Cassey,xcasseyqj@oracle.com,Male
957,Briny,Bedham,bbedhamqk@artisteer.com,Female
958,Evy,Lewisham,elewishamql@google.com.au,Female
959,Mellisent,Bulbeck,mbulbeckqm@dagondesign.com,Female
960,Tanny,Forseith,tforseithqn@cisco.com,Male
961,Annabela,Beilby,abeilbyqo@bravesites.com,Female
962,Genni,Reeks,greeksqp@forbes.com,Female
963,Kiersten,Goding,kgodingqq@paginegialle.it,Female
964,Mireielle,Cardenoza,mcardenozaqr@ihg.com,Female
965,Jeffrey,Powling,jpowlingqs@wikimedia.org,Male
966,Adrien,Witchell,awitchellqt@epa.gov,Male
967,Shelton,Olsson,solssonqu@bloomberg.com,Male
968,Sim,Keuntje,skeuntjeqv@europa.eu,Male
969,Rube,Jerromes,rjerromesqw@ocn.ne.jp,Male
970,Raf,Mendel,rmendelqx@soundcloud.com,Polygender
971,Ivett,Peacham,ipeachamqy@usnews.com,Female
972,Kinna,Hartnell,khartnellqz@patch.com,Female
973,Pamela,Basek,pbasekr0@reference.com,Bigender
974,Tedie,Birdfield,tbirdfieldr1@boston.com,Male
975,Cy,Breissan,cbreissanr2@sogou.com,Male
976,Margo,Surguine,msurguiner3@unesco.org,Female
977,Trever,Spary,tsparyr4@opera.com,Male
978,Harold,Swale,hswaler5@1688.com,Male
979,Ernie,Disbury,edisburyr6@craigslist.org,Male
980,Bart,Spire,bspirer7@instagram.com,Male
981,Berkie,Bernhard,bbernhardr8@techcrunch.com,Male
982,Ronalda,Pyvis,rpyvisr9@ow.ly,Female
983,Chrissie,Colby,ccolbyra@dedecms.com,Female
984,Curry,Ismail,cismailrb@baidu.com,Male
985,Langsdon,Lundbech,llundbechrc@yolasite.com,Male
986,Sydelle,Willatts,swillattsrd@vk.com,Non-binary
987,Marcy,Hotson,mhotsonre@springer.com,Female
988,Maxim,Fazakerley,mfazakerleyrf@sakura.ne.jp,Male
989,Reginauld,Wheway,rwhewayrg@quantcast.com,Genderqueer
990,Suki,Cregan,screganrh@aol.com,Female
991,Steffen,Vankeev,svankeevri@spiegel.de,Male
992,Mireielle,Trever,mtreverrj@qq.com,Female
993,Ginnifer,Needs,gneedsrk@bloglines.com,Female
994,Nellie,Targe,ntargerl@slate.com,Female
995,Sharity,Westraw,swestrawrm@si.edu,Female
996,Tatiania,Corcut,tcorcutrn@qq.com,Genderfluid
997,Basilio,Sigsworth,bsigsworthro@usatoday.com,Male
998,Herbert,Tyght,htyghtrp@weather.com,Male
999,Ginnie,Pullen,gpullenrq@xrea.com,Female
1000,Korry,Fodden,kfoddenrr@comsenz.com,Female
